run_id,source_id,source_type,entry_url,started_at,finished_at,status,http_status,fetched_count,valid_count,new_count,changed_count,unchanged_count,failed_count,raw_snapshot_path,raw_sha256,error_code,error_message
84f5e79e-f965-4d20-adbe-2db8aad456c6,360-careers,company_careers,https://hr.360.cn/hr/list,2026-10-05T16:59:54.802141+00:00,2026-10-05T17:00:34.485384+00:00,success,200,25,25,25,0,0,0,raw/360-careers/84f5e79e-f965-4d20-adbe-2db8aad456c6/list-page-001.json,95067c2cc340af5a0fe43fd66190de464f6868fa9c2646a8ce690e406532780f,,
fb11537c-bed7-422b-bf91-059b3b287c0b,shixiseng,recruitment_platform,https://www.shixiseng.com/interns/,2026-10-05T17:27:31.487061+00:00,2026-10-05T17:27:50.283190+00:00,success,200,60,10,10,0,0,0,raw/shixiseng/fb11537c-bed7-422b-bf91-059b3b287c0b/list-page-001.html,ba57cf49e44ca8633682ecf61c2c05d029344566cddf575dec0e78ccd0b71c09,,
6f032173-cc67-493d-96a0-34f1a8622971,360-careers,company_careers,https://hr.360.cn/hr/list,2026-10-05T17:40:32.362734+00:00,2026-10-05T17:41:12.440396+00:00,success,200,25,25,0,0,25,0,raw/360-careers/6f032173-cc67-493d-96a0-34f1a8622971/list-page-001.json,33b5bed80063f5af60d23dc3d9362435a3aa965e8018b5e60252da5986378b03,,
ae8a09d3-c53f-459b-ae69-54ca2976252e,shixiseng,recruitment_platform,https://www.shixiseng.com/interns/,2026-10-05T17:41:12.447207+00:00,2026-10-05T17:41:29.887223+00:00,success,200,60,10,0,0,10,0,raw/shixiseng/ae8a09d3-c53f-459b-ae69-54ca2976252e/list-page-001.html,5eae29739472978f8612d9be8c8f7f2cb6ed17a8a51485b4f089914d2aa14467,,
79d26728-26a3-41c4-9e1b-f6cd8b137c71,360-careers,company_careers,https://hr.360.cn/hr/list,2026-10-06T08:34:09.550453+00:00,2026-10-06T08:34:53.842245+00:00,success,200,25,25,0,0,25,0,raw/360-careers/79d26728-26a3-41c4-9e1b-f6cd8b137c71/list-page-001.json,867d24f04b91041c64e79381c0c98acca4c0e198b37bc750c8c71b55ea72023b,,
3b2699b4-e61e-4f24-b3d8-5b91e324d034,shixiseng,recruitment_platform,https://www.shixiseng.com/interns/,2026-10-06T09:25:27.960951+00:00,2026-10-06T09:25:47.651701+00:00,success,200,60,10,2,0,8,0,raw/shixiseng/3b2699b4-e61e-4f24-b3d8-5b91e324d034/list-page-001.html,1b80ee749ac32ed20815c5c5a3cf4eeeea32a31a686d95deadcb2c9bba09f32b,,
8498d8d5-799c-478e-b88b-675bdeebd4a8,360-careers,company_careers,https://hr.360.cn/hr/list,2026-10-06T09:26:20.902866+00:00,2026-10-06T09:27:06.076400+00:00,success,200,25,25,0,0,25,0,raw/360-careers/8498d8d5-799c-478e-b88b-675bdeebd4a8/list-page-001.json,763fb38f28f3c7b47ef103f54938db65ace7fe7cf1d1ffe4abe3a3beadcf815c,,
50df7e19-1c1e-43de-bdbf-2bed35a931a9,360-careers,company_careers,https://hr.360.cn/hr/list,2026-10-06T14:25:01.948998+00:00,2026-10-06T14:25:43.527943+00:00,success,200,25,25,0,0,25,0,raw/360-careers/50df7e19-1c1e-43de-bdbf-2bed35a931a9/list-page-001.json,3ef5976c0f065bc259a5247d3da6c88f9918faa754da548d485a9fe48c3a9a90,,
1d06a8b8-0cd4-4ef9-9527-4d60e10f5fbc,shixiseng,recruitment_platform,https://www.shixiseng.com/interns/,2026-10-06T14:25:08.400468+00:00,2026-10-06T14:25:29.400564+00:00,success,200,60,10,2,0,8,0,raw/shixiseng/1d06a8b8-0cd4-4ef9-9527-4d60e10f5fbc/list-page-001.html,456cc67e7120c73450653077bc1937e8925fb9f1486e0e5bbef8fccf1fd6c333,,
