source_id,run_id,artifact_type,relative_path,byte_size,sha256,http_status,captured_at
360-careers,8498d8d5-799c-478e-b88b-675bdeebd4a8,detail_json,raw/360-careers/8498d8d5-799c-478e-b88b-675bdeebd4a8/detail-695e3fa1f879eafc74e011d4.json,1807,0a2994eab79db1601cfacaa8099a39ce2dae57d36d47262f58f3e278459b9425,200,2026-10-06T09:27:02.554421+00:00
360-careers,8498d8d5-799c-478e-b88b-675bdeebd4a8,detail_json,raw/360-careers/8498d8d5-799c-478e-b88b-675bdeebd4a8/detail-695e402aa7c8e66f72e3a77a.json,734,ee02f00e994e383b978fa69e044b2207f5e55f2fc825c057a5c7d024294c0bc3,200,2026-10-06T09:27:04.252993+00:00
360-careers,8498d8d5-799c-478e-b88b-675bdeebd4a8,detail_json,raw/360-careers/8498d8d5-799c-478e-b88b-675bdeebd4a8/detail-697c852ff879eafc74e06912.json,1301,c95f6aaa75adedd967df58d923de1d73047fdca86cb9f9aff722dd6649250d96,200,2026-10-06T09:26:51.488477+00:00
360-careers,8498d8d5-799c-478e-b88b-675bdeebd4a8,detail_json,raw/360-careers/8498d8d5-799c-478e-b88b-675bdeebd4a8/detail-697c8633f879eafc74e0691a.json,1301,3e3e6b39ced6f2068c20a5423ef3c90f636774b88bdac34c2ab98929e024f189,200,2026-10-06T09:26:53.459004+00:00
360-careers,8498d8d5-799c-478e-b88b-675bdeebd4a8,detail_json,raw/360-careers/8498d8d5-799c-478e-b88b-675bdeebd4a8/detail-698aa86abc1dba1463490221.json,1430,e22f16664cb870db706a71fbcdadfc5886339d305662b785ecf1cfacf99e947e,200,2026-10-06T09:26:55.594050+00:00
360-careers,8498d8d5-799c-478e-b88b-675bdeebd4a8,detail_json,raw/360-careers/8498d8d5-799c-478e-b88b-675bdeebd4a8/detail-698bdf934a1198fd29bd6a56.json,1426,4ce5461abf071e69904639c90a0787f2ea06de7abc40d0ce2980e8ddd8b54e1f,200,2026-10-06T09:26:57.437211+00:00
360-careers,8498d8d5-799c-478e-b88b-675bdeebd4a8,detail_json,raw/360-careers/8498d8d5-799c-478e-b88b-675bdeebd4a8/detail-699fc1ef4a1198fd29bd78be.json,1189,a80aaa2ae1a60c20563a24ea270a81f6e0e7ab671244b43b64e6b68a331d7b3b,200,2026-10-06T09:26:59.177712+00:00
360-careers,8498d8d5-799c-478e-b88b-675bdeebd4a8,detail_json,raw/360-careers/8498d8d5-799c-478e-b88b-675bdeebd4a8/detail-69a10c50b976ab9a9975672e.json,1355,e68556779f5c621ea7af94c42a929cba7a26dfdd402d1dabd5970d18bee73d64,200,2026-10-06T09:27:00.828929+00:00
360-careers,8498d8d5-799c-478e-b88b-675bdeebd4a8,detail_json,raw/360-careers/8498d8d5-799c-478e-b88b-675bdeebd4a8/detail-69aaa129bc1dba1463493233.json,1562,39e8ca078f270dafb98d97958092d250e4a0a8792ee610fbea4f1264f589aef9,200,2026-10-06T09:27:06.037828+00:00
360-careers,8498d8d5-799c-478e-b88b-675bdeebd4a8,detail_json,raw/360-careers/8498d8d5-799c-478e-b88b-675bdeebd4a8/detail-69bb5ad4bc1dba1463495d0b.json,2359,57382487dff21d7323554bc0f3bfd5d2b185c79c567bcbfa597738e18a79e2e1,200,2026-10-06T09:26:42.790365+00:00
360-careers,8498d8d5-799c-478e-b88b-675bdeebd4a8,detail_json,raw/360-careers/8498d8d5-799c-478e-b88b-675bdeebd4a8/detail-69d49e5fe1f1aecc72ee874c.json,1411,f86fac403ed967727dae693522883805cbd33c6e0662b727519a61ff309592a2,200,2026-10-06T09:26:46.272892+00:00
360-careers,8498d8d5-799c-478e-b88b-675bdeebd4a8,detail_json,raw/360-careers/8498d8d5-799c-478e-b88b-675bdeebd4a8/detail-69ddfbbbe1f1aecc72eea31c.json,1543,b3e556024dbbf4f870a20ade3de435391d57542accaaab27152c67e0acfcdf5c,200,2026-10-06T09:26:49.714442+00:00
360-careers,8498d8d5-799c-478e-b88b-675bdeebd4a8,detail_json,raw/360-careers/8498d8d5-799c-478e-b88b-675bdeebd4a8/detail-69df3cc6e1f1aecc72eea7da.json,1751,b9ea573953ba8a9c3cadcdab8f5bc0b6860c40119d67dca65813250d98b41537,200,2026-10-06T09:26:35.669380+00:00
360-careers,8498d8d5-799c-478e-b88b-675bdeebd4a8,detail_json,raw/360-careers/8498d8d5-799c-478e-b88b-675bdeebd4a8/detail-69df4d06d9c93f65d4aa7140.json,1304,ca31f74644ad087d48e3d4398e140414569189ff757740132bbdaa38b829de52,200,2026-10-06T09:26:48.020727+00:00
360-careers,8498d8d5-799c-478e-b88b-675bdeebd4a8,detail_json,raw/360-careers/8498d8d5-799c-478e-b88b-675bdeebd4a8/detail-69e9e71f747a0e8be0d6716f.json,1759,490e5ce7481c34dc3b9d2871d24bc5c6c8ca7f502a16f57d6aedea6dd43316e7,200,2026-10-06T09:26:39.266608+00:00
360-careers,8498d8d5-799c-478e-b88b-675bdeebd4a8,detail_json,raw/360-careers/8498d8d5-799c-478e-b88b-675bdeebd4a8/detail-6a05780530b682653614b20f.json,1439,ea0e38064084ec974e6ca3d658df4d150952879c58559a4782b57ed15bc37165,200,2026-10-06T09:26:40.949408+00:00
360-careers,8498d8d5-799c-478e-b88b-675bdeebd4a8,detail_json,raw/360-careers/8498d8d5-799c-478e-b88b-675bdeebd4a8/detail-6a0d033efd5a462f18dd7632.json,1110,731582680aee6d691922b016966857b430227117b3e9c145dfecf0a17e0d5cc5,200,2026-10-06T09:26:33.999234+00:00
360-careers,8498d8d5-799c-478e-b88b-675bdeebd4a8,detail_json,raw/360-careers/8498d8d5-799c-478e-b88b-675bdeebd4a8/detail-6a0ece6830b682653614cf86.json,1440,cecb2c5c9210031aab3e8ca241d92a5f1c0beef4c14fee1bcd2a970f07b56429,200,2026-10-06T09:26:44.531779+00:00
360-careers,8498d8d5-799c-478e-b88b-675bdeebd4a8,detail_json,raw/360-careers/8498d8d5-799c-478e-b88b-675bdeebd4a8/detail-6a156fb3b45a2c1d5e6dd71f.json,1404,e1ce5ba5d0e642470a59cd897cee27c636c572335fd3066859b32f4ffd573562,200,2026-10-06T09:26:37.467456+00:00
360-careers,8498d8d5-799c-478e-b88b-675bdeebd4a8,detail_json,raw/360-careers/8498d8d5-799c-478e-b88b-675bdeebd4a8/detail-6a6816ceeee9e000e37d27ef.json,1804,5a6d4f48e5cbb70955bf98d0469b17bbc28f4735efd5901453f356320b1e417f,200,2026-10-06T09:26:28.825018+00:00
360-careers,8498d8d5-799c-478e-b88b-675bdeebd4a8,detail_json,raw/360-careers/8498d8d5-799c-478e-b88b-675bdeebd4a8/detail-6a75a21feee9e000e37dbcbf.json,2106,00556e760525d3943a9c5332a8669b410beae13d25ff81cfce1641cb59639ade,200,2026-10-06T09:26:30.661937+00:00
360-careers,8498d8d5-799c-478e-b88b-675bdeebd4a8,detail_json,raw/360-careers/8498d8d5-799c-478e-b88b-675bdeebd4a8/detail-6a7bd63dea611e63afb36b4f.json,971,7a3568c3080ae7f9d152f1f22207ae781b1e7c71546bc43cef5ec15da3aec7e7,200,2026-10-06T09:26:27.124687+00:00
360-careers,8498d8d5-799c-478e-b88b-675bdeebd4a8,detail_json,raw/360-careers/8498d8d5-799c-478e-b88b-675bdeebd4a8/detail-6a7bd6470a749a95e7a96720.json,988,eac16b6aa63ecf99848b56ffb0ca098fd5be5830ba4a518ad318aa40a632bba6,200,2026-10-06T09:26:25.180300+00:00
360-careers,8498d8d5-799c-478e-b88b-675bdeebd4a8,detail_json,raw/360-careers/8498d8d5-799c-478e-b88b-675bdeebd4a8/detail-6a7d2317ea611e63afb37157.json,2353,72ee3109f437f91d61191f430548fdd8a105c5775a25f0bc050de38caf98f915,200,2026-10-06T09:26:23.334709+00:00
360-careers,8498d8d5-799c-478e-b88b-675bdeebd4a8,detail_json,raw/360-careers/8498d8d5-799c-478e-b88b-675bdeebd4a8/detail-6a8d2066d80d18cb5211dea2.json,2101,463068ffdbe297a20b611cab53585fe45bfc4efe3f437ce5dff0ba4745d61768,200,2026-10-06T09:26:32.332067+00:00
360-careers,8498d8d5-799c-478e-b88b-675bdeebd4a8,list_json,raw/360-careers/8498d8d5-799c-478e-b88b-675bdeebd4a8/list-page-001.json,3486,763fb38f28f3c7b47ef103f54938db65ace7fe7cf1d1ffe4abe3a3beadcf815c,200,2026-10-06T09:26:21.588736+00:00
shixiseng,3b2699b4-e61e-4f24-b3d8-5b91e324d034,detail_html,raw/shixiseng/3b2699b4-e61e-4f24-b3d8-5b91e324d034/detail-inn_3zcv6kuoo0at.html,556663,8b0aaad817a07b5ec6f0e0df19b2b884b40e929c3baa08cdb0b51a2df7748503,200,2026-10-06T09:25:41.636843+00:00
shixiseng,3b2699b4-e61e-4f24-b3d8-5b91e324d034,detail_html,raw/shixiseng/3b2699b4-e61e-4f24-b3d8-5b91e324d034/detail-inn_4eqgbxlrby9m.html,557969,cb1190c1b5e1f40fcb7c77bac237fd4d382c731ebe781028fd75daf4c71c98ed,200,2026-10-06T09:25:40.170803+00:00
shixiseng,3b2699b4-e61e-4f24-b3d8-5b91e324d034,detail_html,raw/shixiseng/3b2699b4-e61e-4f24-b3d8-5b91e324d034/detail-inn_dcsnpgz5zknu.html,562264,a904b24ec5da86f13a62c13fd612e5c66d772132fd9f17ddc10040e980ac44d1,200,2026-10-06T09:25:44.545773+00:00
shixiseng,3b2699b4-e61e-4f24-b3d8-5b91e324d034,detail_html,raw/shixiseng/3b2699b4-e61e-4f24-b3d8-5b91e324d034/detail-inn_fd6w9qfbjoy5.html,558603,4602bc19d85feab48dcabdbd14d4b2cf3a66069dedf6e2ec9b62edcf94cdfc19,200,2026-10-06T09:25:38.203532+00:00
shixiseng,3b2699b4-e61e-4f24-b3d8-5b91e324d034,detail_html,raw/shixiseng/3b2699b4-e61e-4f24-b3d8-5b91e324d034/detail-inn_hsg8fgkeaasd.html,557696,1a35a946ae6dae0ef7b99f6ab89196bd519418e664250efccff556a0bd9fdc5d,200,2026-10-06T09:25:46.222557+00:00
shixiseng,3b2699b4-e61e-4f24-b3d8-5b91e324d034,detail_html,raw/shixiseng/3b2699b4-e61e-4f24-b3d8-5b91e324d034/detail-inn_m6i9eljkymdj.html,558857,7ac9d57078ce0c51832873d2e84202e05be5580f348d495fd6765a63eb735571,200,2026-10-06T09:25:43.168610+00:00
shixiseng,3b2699b4-e61e-4f24-b3d8-5b91e324d034,detail_html,raw/shixiseng/3b2699b4-e61e-4f24-b3d8-5b91e324d034/detail-inn_qtu7ioqkpxfn.html,558271,aa026d805d746abc1106440a9fac8993ff7dd1e1b01305721608a905b288605b,200,2026-10-06T09:25:47.587723+00:00
shixiseng,3b2699b4-e61e-4f24-b3d8-5b91e324d034,detail_html,raw/shixiseng/3b2699b4-e61e-4f24-b3d8-5b91e324d034/detail-inn_szlm0dwfft95.html,556941,3402984226bb322483dde79407e0578c9dbb6b6ff48b913a321cedcd0dd705a3,200,2026-10-06T09:25:33.760715+00:00
shixiseng,3b2699b4-e61e-4f24-b3d8-5b91e324d034,detail_html,raw/shixiseng/3b2699b4-e61e-4f24-b3d8-5b91e324d034/detail-inn_uvvjs2wtsup7.html,558022,ffebc6a3bd77a551b734890169a55ecfb514ce028a2922424724c960b824482c,200,2026-10-06T09:25:36.669596+00:00
shixiseng,3b2699b4-e61e-4f24-b3d8-5b91e324d034,detail_html,raw/shixiseng/3b2699b4-e61e-4f24-b3d8-5b91e324d034/detail-inn_zs0l90zlprlx.html,558697,b5504bda11fabe4e05bbdd029b1543be514a7838a7de8a4060bb1149da56ff43,200,2026-10-06T09:25:35.199278+00:00
shixiseng,3b2699b4-e61e-4f24-b3d8-5b91e324d034,list_html,raw/shixiseng/3b2699b4-e61e-4f24-b3d8-5b91e324d034/list-page-001.html,591876,1b80ee749ac32ed20815c5c5a3cf4eeeea32a31a686d95deadcb2c9bba09f32b,200,2026-10-06T09:25:29.096201+00:00
shixiseng,3b2699b4-e61e-4f24-b3d8-5b91e324d034,list_html,raw/shixiseng/3b2699b4-e61e-4f24-b3d8-5b91e324d034/list-page-002.html,590790,b985aa1ae5648e61fd4eec5cf0c4f8e633851c53a73d5678285fc5c0e19df2e7,200,2026-10-06T09:25:30.712905+00:00
shixiseng,3b2699b4-e61e-4f24-b3d8-5b91e324d034,list_html,raw/shixiseng/3b2699b4-e61e-4f24-b3d8-5b91e324d034/list-page-003.html,594797,2b07333600545b805efb04a75fd6abf1bb47d224cc031905cbef76c99c2b782a,200,2026-10-06T09:25:32.328523+00:00
